{
    "time": 0.5434782608695652,
    "shadow": true,
    "light": false,
    "shadow-p": 2.0652173913043477,
    "shadow-r": -0.4782608695652174,
    "shadow-border": 1.5,
    "light-peak": 4,
    "light-intensity": 1,
    "pattern-invert": 0.8043478260869565,
    "pattern-zoom": 0.45652173913043476,
    "caustic": false,
    "grid": true,
    "caustic-lumaSelection": 0,
    "caustic-blur": 0,
    "caustic-brightness": 0,
    "caustic-contrast": 0,
    "grid-perspective": 0,
    "grid-wavysky": 0,
    "grid-wavyhorizon": 0,
    "grid-grounddensity": 0,
    "grid-thicknessSky": {
        "x": 2.4,
        "y": 2.0999999999999996
    },
    "grid-thicknessGround": {
        "x": 1,
        "y": 1
    },
    "texture-invert": 0.8043478260869565,
    "diether": true,
    "moire": false,
    "texture-flipY": 0,
    "moire-polar": false,
    "moire-freqX": 100,
    "moire-freqY": 100,
    "moire-amountX": 1,
    "moire-amountY": 1,
    "background-color": {
        "r": 0.9224998474121093,
        "g": 0.5534999084472656,
        "b": 0.5534999084472656,
        "a": 1
    },
    "layerZero-color": {
        "r": 0.8174999237060547,
        "g": 0.7666478380802518,
        "b": 0.35765621662139896,
        "a": 1
    },
    "layerZero": true,
    "layerOne-color": {
        "r": 0.7,
        "g": 0.36682432432432444,
        "b": 0.09999999999999998,
        "a": 1
    },
    "layerOne": true,
    "layerTwo-color": {
        "r": 0.45500030517578127,
        "g": 0.23887516021728517,
        "b": 0.23887516021728517,
        "a": 1
    },
    "layerTwo": true,
    "layers-offset": {
        "x": 0.015,
        "y": -0.153
    },
    "layers-mode": 0
}